{"name":"Test World","author":"Damen","engine":"Damen3D 1.0 Alpha","width":1080,"height":600,"description":"This is a sample world for testing Damen3D player.","startScene":0,"version":"1.0.0","editorConfig":{"lastCameraPosition":{"x":0.45601510173765347,"y":1.2605994130464613,"z":-1.672776858838288},"lastCameraRotation":{"x":-2.6780989812816984,"y":0.381966344822367,"z":2.957403045981051},"lastScene":0,"objectStates":{"d991aff0-6aa1-4e98-84e3-6abc7bc7b515":{"locked":false,"hidden":false},"5acea820-9cd6-4109-9591-521ffcf0082b":{"locked":false},"f7af366e-a190-4236-8bf2-23277b6de241":{"locked":false},"081cc4ea-2f22-41e9-af4d-9f43ac091370":{"locked":false},"c9ae3962-6b48-49ea-bd46-591333515b08":{"locked":false},"defa66b5-f6e3-4ff1-b1a3-f67d1f0ee5b9":{"locked":false},"a155646d-f29e-43c6-94ab-4d6803f9310f":{"locked":false,"hidden":false},"be2cb537-c372-4601-9485-2dafa5b7e6f2":{"locked":false}}}}